1,"씨 퐁 자 지",
2,"씨 퐁 자지",
3,"씨 퐁넘",
4,"씨 퐁뇬",
5,"씨가랭넘",
6,"씨가랭년",
7,"씨가랭놈",
8,"씨댕",
9,"씨댕이",
10,"씨뎅",
11,"씨발",
12,"씨발 년",
13,"씨발 롬",
14,"씨발.년",
15,"씨발.놈",
16,"씨발년",
17,"씨발놈",
18,"씨발롬",
19,"씨발병신",
20,"씨방새",
21,"씨방세",
22,"씨뱅 가 리",
23,"씨뱅 가리",
24,"씨뱅가 리",
25,"씨뱅가리",
26,"씨벌",
27,"씨벌년",
28,"씨벌쉐이",
29,"씨부 랄",
30,"씨부랄",
31,"씨부럴",
32,"씨불 알",
33,"씨불알",
34,"씨브럴",
36,"씨블년",
37,"씨블새끼",
38,"씨븡새끼",
39,"씨섹 끼",
40,"씨섹끼",
41,"씨파 넘",
42,"씨파넘",
43,"씨팍새끼",
44,"씨팍세끼",
45,"씨팔",
47,"씨퐁 넘",
48,"씨퐁 뇬",
49,"씨퐁 보 지",
50,"씨퐁 보지",
51,"씨퐁 자 지",
52,"씨퐁 자지",
53,"씨퐁넘",
54,"씨퐁뇬",
55,"씨퐁보 지",
56,"씨퐁보지",
57,"씨퐁자 지",
58,"씨퐁자지",
59,"씹 년",
60,"씹 물",
61,"씹 보 지",
62,"씹 보지",
63,"씹 부 랄",
64,"씹 부랄",
65,"씹 빵 구",
66,"씹 빵구",
67,"씹 뽀 지",
68,"씹 뽀지",
69,"씹 새",
70,"씹 새 끼",
71,"씹 새끼",
72,"씹 세",
73,"씹 쌔 끼",
74,"씹 쌔끼",
75,"씹 자 지",
76,"씹 자지",
77,"씹 지 랄",
78,"씹 지랄",
79,"씹 창",
80,"씹 탱",
81,"씹 탱 이",
82,"씹 탱이",
83,"씹년",
84,"씹물",
85,"씹미랄",
86,"씹버지",
87,"씹보 지",
88,"씹보지",
89,"씹부 랄",
90,"씹부랄",
91,"씹브랄",
92,"씹빵 구",
93,"씹빵구",
94,"씹뽀 지",
95,"씹뽀지",
96,"씹새",
97,"씹새 끼",
98,"씹새끼",
99,"씹세",
100,"씹쌔 끼",
101,"씹쌔끼",
102,"씹자 지",
103,"씹자석",
104,"씹자슥",
105,"씹자지",
106,"씹지 랄",
107,"씹지랄",
108,"씹창",
109,"씹창녀",
110,"씹탱",
111,"씹탱 이",
112,"씹탱굴이",
113,"씹탱이",
114,"씹팔",
115,"아가리",
121,"애미랄",
122,"애미보지",
123,"애미씨뱅",
124,"애미자지",
125,"애미잡년",
126,"애미좃물",
128,"양 아 치",
129,"양 아치",
130,"양귀비",
131,"양아 치",
132,"양아치",
133,"양키",
134,"어미강간",
135,"어미따먹자",
136,"어미쑤시자",
138,"엄창",
139,"에미",
140,"에비",
142,"염 병 할",
143,"염 병할",
146,"염병 할",
147,"염병할",
150,"엿 먹 어 라",
151,"엿 먹 어라",
152,"엿먹 어 라",
153,"엿먹 어라",
154,"엿먹어 라",
155,"엿먹어라",
156,"영자개새끼",
157,"영자새끼",
158,"영자씨발놈",
159,"오 르 가 즘",
160,"오르가즘",
161,"왕버지",
162,"왕자지",
163,"왕잠지",
164,"왕털버지",
165,"왕털보지",
166,"왕털자지",
167,"왕털잠지",
168,"요 년",
169,"요년",
170,"우미쑤셔",
175,"유두빨어",
176,"유두핥어",
177,"유두핧어",
180,"유방 만져",
181,"유방 빨아",
182,"유방 조물락",
183,"유방 주물럭",
184,"유방 쪼물딱",
185,"유방 쪼물럭",
186,"유방 핧아",
187,"유방 핧어",
188,"유방만져",
189,"유방빨아",
190,"유방조물락",
191,"유방주물럭",
192,"유방쪼물딱",
193,"유방쪼물럭",
194,"유방핥아",
195,"유방핥어",
196,"유방핧아",
197,"유방핧어",
199,"육갑",
201,"인민공화국",
202,"자 기 핧 아",
203,"자 기 핧아",
205,"자 지 빨 아",
206,"자 지 빨 어",
207,"자 지 빨아",
208,"자 지 빨어",
209,"자 지 털",
210,"자 지 핧 어",
211,"자 지 핧어",
212,"자 지털",
213,"자기 핧 아",
214,"자기 핧아",
215,"자기핥아",
216,"자기핧 아",
217,"자기핧아",
219,"자지 구녕",
220,"자지 구멍",
221,"자지 꽂아",
222,"자지 빨 아",
223,"자지 빨 어",
224,"자지 빨아",
225,"자지 빨어",
226,"자지 쑤셔",
227,"자지 짤라",
228,"자지 털",
229,"자지 핧 어",
230,"자지 핧어",
231,"자지구녕",
232,"자지구멍",
233,"자지꽂아",
234,"자지넣자",
235,"자지뜨더",
236,"자지뜯어",
237,"자지박어",
238,"자지빨 아",
239,"자지빨 어",
240,"자지빨아",
241,"자지빨아줘",
242,"자지빨어",
243,"자지쑤셔",
244,"자지쓰레기",
245,"자지정개",
246,"자지짤라",
247,"자지털",
248,"자지핥아",
249,"자지핥아줘",
250,"자지핥어",
251,"자지핧 어",
252,"자지핧아",
253,"자지핧아줘",
254,"자지핧어",
255,"작은보지",
258,"잠지뚫어",
259,"잠지물마셔",
260,"잠지털",
261,"잠짓물마셔",
265,"잡것",
266,"잡년",
267,"잡놈",
268,"잡쓰레그",
269,"잡쓰레기",
270,"저 년",
271,"저년",
274,"젓 같 내",
275,"젓 같내",
277,"젓 냄 새",
278,"젓 대가리",
280,"젓 마무리",
281,"젓 만 이",
282,"젓 만이",
285,"젓가튼쉐이",
286,"젓같 내",
287,"젓같내",
288,"젓까",
289,"젓냄새",
290,"젓대가리",
291,"젓떠",
292,"젓마무리",
293,"젓만 이",
294,"젓만이",
295,"젓물",
296,"젓물 냄새",
297,"젓물냄새",
298,"젓밥",
299,"정액마셔",
300,"정액먹어",
301,"정액발사",
302,"정액짜",
303,"정액핥아",
304,"정액핧아",
305,"정자마셔",
306,"정자먹어",
307,"정자핥아",
308,"정자핧아",
309,"젖 탱 이",
310,"젖 탱이",
311,"젖까",
312,"젖탱 이",
313,"젖탱이",
316,"조개넓은년",
317,"조개따조",
319,"조개마셔줘",
321,"조개벌려조",
323,"조개보지",
324,"조개속물",
325,"조개쑤셔줘",
327,"조개핥아줘",
328,"조개핧아줘",
330,"조또",
331,"조선인민공화국",
333,"족 같 내",
334,"족 같내",
336,"족 까 내",
337,"족 까내",
338,"족같 내",
339,"족같내",
340,"족까",
341,"족까 내",
342,"족까내",
349,"좀 마 니",
350,"좀 마니",
352,"좀 쓰레기",
353,"좀마 니",
354,"좀마니",
355,"좀물",
356,"좀쓰레기",
357,"좁빠라라",
358,"좃",
359,"좃 간 년",
360,"좃 간년",
361,"좃 까",
362,"좃 깟 네",
363,"좃 깟네",
364,"좃 냄새",
365,"좃 넘",
366,"좃 대가리",
367,"좃 도",
368,"좃 또",
369,"좃 마무리",
370,"좃 만 아",
371,"좃 만 이",
372,"좃 만아",
373,"좃 만이",
374,"좃 물",
375,"좃 부 랄",
376,"좃 부랄",
377,"좃 빠 네",
378,"좃 빠네",
379,"좃가튼뇬",
380,"좃간 년",
381,"좃간년",
382,"좃까",
383,"좃까리",
384,"좃깟 네",
385,"좃깟네",
386,"좃냄새",
387,"좃넘",
388,"좃대가리",
389,"좃도",
390,"좃또",
391,"좃마무리",
392,"좃만 아",
393,"좃만 이",
394,"좃만아",
395,"좃만이",
396,"좃만한것",
397,"좃만한쉐이",
398,"좃물",
399,"좃물 냄새",
400,"좃물냄새",
401,"좃보지",
402,"좃부 랄",
403,"좃부랄",
404,"좃빠 네",
405,"좃빠구리",
406,"좃빠네",
407,"좃빠라라",
408,"좃털",
409,"좆",
410,"좆 같 은 놈",
411,"좆 같 은 새 끼",
412,"좆 같 은놈",
413,"좆 까",
414,"좆 까 라",
415,"좆 까라",
416,"좆 나",
417,"좆 년",
418,"좆 도",
419,"좆 만 아",
420,"좆 만 한 년",
421,"좆 만 한 놈",
422,"좆 만 한 새 끼",
423,"좆 만 한년",
424,"좆 만 한놈",
425,"좆 만아",
426,"좆 먹 어",
427,"좆 먹어",
428,"좆 물",
429,"좆 밥",
430,"좆 빨 아",
431,"좆 빨아",
432,"좆 새 끼",
433,"좆 새끼",
434,"좆 털",
435,"좆같 은 놈",
436,"좆같 은 새 끼",
437,"좆같 은 새끼",
438,"좆같 은놈",
439,"좆같 은새끼",
440,"좆같은 놈",
441,"좆같은 새 끼",
442,"좆같은 새끼",
443,"좆같은놈",
444,"좆같은새 끼",
445,"좆같은새끼",
446,"좆까",
447,"좆까 라",
448,"좆까라",
449,"좆나",
450,"좆년",
451,"좆도",
452,"좆만 아",
453,"좆만 한 년",
454,"좆만 한 놈",
455,"좆만 한 새 끼",
456,"좆만 한 새끼",
457,"좆만 한년",
458,"좆만 한놈",
459,"좆만 한새끼",
460,"좆만아",
461,"좆만한 년",
462,"좆만한 놈",
463,"좆만한 새 끼",
464,"좆만한 새끼",
465,"좆만한년",
466,"좆만한놈",
467,"좆만한새 끼",
468,"좆만한새끼",
469,"좆먹 어",
470,"좆먹어",
471,"좆물",
472,"좆밥",
473,"좆빨 아",
474,"좆빨아",
475,"좆새 끼",
476,"좆새끼",
477,"좆털",
478,"좋 만 한 것",
479,"좋 만 한것",
480,"좋만 한 것",
481,"좋만 한것",
482,"좋만한 것",
483,"좋만한것",
484,"주 글 년",
485,"주 글년",
486,"주 길 년",
487,"주 길년",
488,"주글 년",
489,"주글년",
490,"주길 년",
491,"주길년",
494,"쥐랄",
496,"지 럴",
497,"지 뢀",
498,"지랄",
499,"지럴",
500,"지뢀",
501,"짱께",
502,"쪼 다 새 끼",
503,"쪼 다 새끼",
504,"쪼다 새 끼",
505,"쪼다 새끼",
506,"쪼다새 끼",
507,"쪼다새끼",
508,"쪽바리",
512,"창녀",
513,"창녀버지",
514,"처드셈",
515,"쳐드셈",
516,"쳐쑤셔박어",
517,"촌씨브라리",
518,"촌씨브랑이",
519,"촌씨브랭이",
520,"코쟁이",
521,"코카인",
522,"크 리 토 리 스",
523,"크리 토 리 스",
524,"크리 토 리스",
525,"크리 토리스",
526,"크리토 리 스",
527,"크리토 리스",
528,"크리토리 스",
529,"크리토리스",
530,"큰보지",
531,"클 리 토 리 스",
532,"클리 토 리 스",
533,"클리 토 리스",
534,"클리 토리스",
535,"클리토 리 스",
536,"클리토 리스",
537,"클리토리 스",
538,"클리토리스",
539,"페 니 스",
540,"페 니스",
541,"페니 스",
542,"페니스",
543,"항문 쑤셔",
544,"항문수셔",
545,"항문쑤셔",
546,"허 벌 보 지",
547,"허 벌 보지",
548,"허 벌 자 지",
549,"허 벌 자지",
550,"허버리년",
551,"허벌 보 지",
552,"허벌 보지",
553,"허벌 자 지",
554,"허벌 자지",
555,"허벌년",
556,"허벌보 지",
557,"허벌보지",
558,"허벌자 지",
559,"허벌자식",
560,"허벌자지",
561,"헐 렁 보 지",
562,"헐 렁 보지",
563,"헐렁 보 지",
564,"헐렁 보지",
565,"\<fagg[aeiouy]t",
566,"\<pillowbiter",
567,"\<poohstab",
568,"\<cunnilingus\>",
572,"\<dildo\>",
575,"\<heeb\>",
576,"\<kike\>",
577,"\<mudshark",
578,"\<mooley\>",
579,"\<nig+a",
581,"\<jap\>",
582,"feltch",
583,"\<homos\>",
584,"\<tittie",
586,"\<tits\>",
587,"\<slamhound",
588,"\<gutterslut\>",
589,"\<cumguz",
590,"\<injun\>",
592,"\<gooch\>",
596,"bong",
598,"\<pothead",
599,"shit",
600,"\<twat\>",
601,"\<assface\>",
604,"\<nosecandy\>",
607,"\<towelhead\>",
608,"\<fudgepacker\>",
609,"\<assmaster\>",
610,"\<ejaculate\>",
611,"\<milf\>",
612,"\<rumprang",
613,"\<spic\>",
614,"\<spick",
616,"wetback",
618,"\<queef",
619,"\<nig\>",
620,"fagg[aeiouy]t\>",
621,"\<rapist\>",
622,"\<gook\>",
623,"\<polesmok",
624,"\<cracksmoker",
625,"\<jism\>",
626,"\<dingleberry\>",
627,"\<mooncricket",
628,"\<assman\>",
629,"\<spearchuck",
630,"\<hardon\>",
631,"\<stiffy\>",
632,"\<cumstain",
633,"\<dunecoon\>",
634,"\<buttfloss\>",
635,"\<peckertracks\>",
638,"\<cornhole\>",
639,"\<wop\>",
641,"\<cock\>",
643,"\<asspound",
644,"\<buttboy",
645,"\<sploog",
646,"\<meatsword\>",
647,"\<skinbat",
648,"헐렁보 지",
649,"헐렁보지",
650,"혀로보지핥이기",
651,"혀로보지핧기",
652,"호 냥 년",
653,"호 냥년",
655,"호 로 새 끼",
656,"호 로 새끼",
657,"호 로 자 슥",
658,"호 로 자 식",
659,"호 로 자슥",
660,"호 로 자식",
661,"호 루 자 슥",
662,"호 루 자슥",
663,"호냥 년",
664,"호냥년",
666,"호로 새 끼",
667,"호로 새끼",
668,"호로 자 슥",
669,"호로 자 식",
670,"호로 자슥",
671,"호로 자식",
672,"호로새 끼",
673,"호로새끼",
674,"호로자 슥",
675,"호로자 식",
676,"호로자슥",
677,"호로자식",
678,"호루 자 슥",
679,"호루 자슥",
680,"호루자 슥",
681,"호루자슥",
682,"화냥년",
683,"후 라 덜 넘",
684,"후 라 덜넘",
686,"후라 덜 넘",
687,"후라 덜넘",
688,"후라덜 넘",
689,"후라덜넘",
690,"후장",
691,"후장 꽂아",
692,"후장 뚫어",
693,"후장꽂아",
694,"후장뚫어",
695,"히로뽕",
696,"\<asshole",
697,"\<zipperhead\>",
698,"\<porchmonk",
699,"\<junglebunny\>",
700,"\<jizz\>",
701,"\<gizz\>",
702,"\<cooze\>",
703,"\<cumming\>",
704,"\<boner\>",
705,"\<homo\>",
706,"\<buttpirate",
707,"\<titty",
709,"\<poostab",
710,"18년",
711,"18놈",
712,"18새 끼",
713,"18새끼",
714,"fuck",
715,"\<kkk\>",
716,"\<nazi",
717,"\<ass\>",
718,"bia?ts?ch",
720,"\<clit",
721,"\<cum\>",
722,"\<cunt",
724,"\<nig+er",
725,"penis\>",
729,"whore",
731,"ㅈㄹ",
732,"가슴 만져",
733,"가슴 빨아",
734,"가슴 빨어",
735,"가슴 조물락",
736,"가슴 주물럭",
737,"가슴 쪼물딱",
738,"가슴 쪼물락",
739,"가슴 핧아",
740,"가슴 핧어",
741,"가슴만져",
742,"가슴빨아",
743,"가슴빨어",
744,"가슴조물락",
745,"가슴주물럭",
746,"가슴쪼물딱",
747,"가슴쪼물락",
748,"가슴핥아",
749,"가슴핥어",
750,"가슴핧아",
751,"가슴핧어",
753,"강간",
754,"강간한다",
755,"개 가 튼 년",
756,"개 가 튼 뇬",
757,"개 가 튼년",
758,"개 가 튼뇬",
759,"개 같 은 년",
760,"개 같 은년",
761,"개 걸 레",
762,"개 걸레",
763,"개 고 치",
764,"개 고치",
765,"개 너 미",
766,"개 너미",
769,"개 라 슥",
770,"개 보 지",
771,"개 보지",
772,"개 부 달",
773,"개 부 랄",
774,"개 부달",
775,"개 부랄",
776,"개 불 랄",
777,"개 불랄",
778,"개 새 끼",
779,"개 새끼",
780,"개 씨 발",
781,"개 씨 블",
782,"개 씨발넘",
783,"개 씨발자슥",
784,"개 자 지",
785,"개 자지",
786,"개 좆",
787,"개 지 랄",
788,"개 후 라 년",
789,"개 후 라 들 놈",
790,"개 후 라 새 끼",
791,"개 후 라년",
792,"개가 튼 년",
793,"개가 튼 뇬",
794,"개가 튼년",
795,"개가 튼뇬",
796,"개가튼 년",
797,"개가튼 뇬",
798,"개가튼년",
799,"개가튼뇬",
800,"개같 은 년",
801,"개같 은년",
802,"개같은 년",
803,"개같은년",
804,"개걸 레",
805,"개걸레",
806,"개고 치",
807,"개고치",
808,"개너 미",
809,"개너미",
810,"개년",
811,"개놈",
812,"개라슥",
813,"개보 지",
814,"개보지",
815,"개보지년",
816,"개부 달",
817,"개부 랄",
818,"개부달",
819,"개부랄",
820,"개불 랄",
821,"개불랄",
822,"개붕알",
823,"개새 끼",
824,"개새끼",
825,"개색기",
826,"개색끼",
827,"개색히",
828,"개쓰래기",
829,"개쓰레기",
830,"개씁년",
831,"개씁블",
832,"개씁자지",
833,"개씨발",
834,"개씨발넘",
835,"개씨발자슥",
836,"개씨블",
837,"개자 지",
838,"개자슥",
839,"개자지",
840,"개작두넘",
841,"개작두년",
842,"개잡년",
843,"개잡지랄",
844,"개젓가튼넘",
845,"개좆",
846,"개지랄",
847,"개지랄넘",
848,"개지랄놈",
849,"개후 라 년",
850,"개후 라 들 놈",
851,"개후 라 들놈",
852,"개후 라 새 끼",
853,"개후 라 새끼",
854,"개후 라년",
855,"개후 라들놈",
856,"개후 라새끼",
857,"개후라 년",
858,"개후라 들 놈",
859,"개후라 들놈",
860,"개후라 새 끼",
861,"개후라 새끼",
862,"개후라년",
863,"개후라들 놈",
864,"개후라들놈",
865,"개후라새 끼",
866,"개후라새끼",
867,"걔잡년",
868,"걔잡지랄",
869,"거 시 기",
870,"거 시기",
871,"거시 기",
872,"거시기",
873,"걸 레 같 은 년",
874,"걸래년",
875,"걸레 같 은 년",
876,"걸레 같 은년",
877,"걸레 같은년",
878,"걸레같 은 년",
879,"걸레같 은년",
880,"걸레같은 년",
881,"걸레같은년",
882,"걸레년",
883,"걸레핀년",
884,"게부럴",
885,"게지랄놈",
887,"귀두",
888,"김일성",
889,"김정일",
890,"깨 쌔 끼",
891,"깨 쌔끼",
892,"깨쌔 끼",
893,"깨쌔끼",
898,"난자마셔",
899,"난자먹어",
900,"난자핥아",
901,"난자핧아",
902,"내 씨 발",
903,"내 씨발",
904,"내꺼빨아",
905,"내꺼핥아",
906,"내꺼핧아",
907,"내미랄",
908,"내버지",
909,"내씨 발",
910,"내씨발",
911,"내자지",
912,"내잠지",
913,"내조지",
914,"너 거 애 비",
915,"너 거 애비",
916,"너거 애 비",
917,"너거 애비",
918,"너거애 비",
919,"너거애비",
920,"누나강간",
938,"느 그 매",
939,"느 그매",
940,"느그 매",
941,"느그매",
958,"니 기 미",
959,"니 기미",
961,"니 미 랄",
962,"니 미 럴",
963,"니 미랄",
964,"니 미럴",
965,"니 애 미",
966,"니 애미",
967,"니기 미",
968,"니기미",
972,"니미 랄",
973,"니미 럴",
974,"니미랄",
975,"니미럴",
976,"니씨브랄",
977,"니아범",
978,"니애 미",
979,"니애미",
980,"니애비",
981,"니에미",
982,"니에비",
987,"니할애비",
1001,"닳은년",
1002,"대 가 리",
1003,"대 가리",
1004,"대가 리",
1005,"대가리",
1006,"덜은새끼",
1008,"돈새끼",
1010,"돌은넘",
1011,"돌은년",
1012,"돌은새끼",
1013,"동생강간",
1014,"뒷 치 기",
1015,"뒷치 기",
1018,"딸 딸 이",
1019,"딸 딸이",
1020,"딸딸 이",
1021,"딸딸이",
1022,"또 라 이",
1023,"또 라이",
1024,"또라 이",
1025,"또라이",
1027,"띠 발 뇬",
1028,"띠 발뇬",
1030,"띠 블 넘",
1031,"띠 블넘",
1033,"띠발 뇬",
1034,"띠발뇬",
1036,"띠블 넘",
1037,"띠블넘",
1039,"막간년",
1040,"막대쑤셔줘",
1041,"막대핥아줘",
1042,"막대핧아줘",
1043,"말자지",
1044,"맛간년",
1045,"맛없는년",
1046,"맛이간년",
1047,"망 나 니",
1048,"망 나니",
1049,"망나 니",
1051,"미 친 넘",
1052,"미 친 년",
1053,"미 친 놈",
1054,"미 친 눔",
1055,"미 친 새 끼",
1056,"미 친 새끼",
1057,"미 친넘",
1058,"미 친년",
1059,"미 친놈",
1060,"미 친눔",
1061,"미 티 넘",
1062,"미 틴 것",
1063,"미친 넘",
1064,"미친 년",
1065,"미친 놈",
1066,"미친 눔",
1067,"미친 새 끼",
1068,"미친 새끼",
1069,"미친구녕",
1070,"미친구멍",
1071,"미친넘",
1072,"미친년",
1073,"미친놈",
1074,"미친눔",
1075,"미친새 끼",
1076,"미친새끼",
1077,"미친쉐이",
1078,"미친씨부랄",
1079,"미틴것",
1080,"미틴넘",
1081,"바주카자지",
1084,"백 보 지",
1085,"백 보지",
1086,"백보 지",
1087,"백보지",
1088,"버따리자지",
1089,"버지 구녕",
1090,"버지 구멍",
1091,"버지 냄새",
1092,"버지 뚫어",
1093,"버지 벌려",
1094,"버지 쑤셔",
1095,"버지구녕",
1096,"버지구멍",
1097,"버지냄새",
1098,"버지따먹기",
1099,"버지뚫어",
1100,"버지뜨더",
1101,"버지물마셔",
1102,"버지벌려",
1103,"버지벌료",
1104,"버지빨아",
1105,"버지빨어",
1106,"버지썰어",
1107,"버지쑤셔",
1108,"버지털",
1109,"버지핥아",
1110,"버지핧아",
1111,"버짓 물",
1112,"버짓물",
1113,"버짓물마셔",
1114,"벌 창 같 은 년",
1115,"벌창 같 은 년",
1116,"벌창 같 은년",
1117,"벌창 같은년",
1118,"벌창같 은 년",
1119,"벌창같 은년",
1120,"벌창같은 년",
1121,"벌창같은년",
1125,"병 신 세 리",
1126,"병 신 세리",
1127,"병 신 셰 리",
1128,"병 신 셰리",
1132,"병신 세 리",
1133,"병신 세리",
1134,"병신 셰 리",
1135,"병신 셰리",
1136,"병신세 리",
1137,"병신세리",
1138,"병신셰 리",
1139,"병신셰리",
1140,"병신씨발",
1142,"보 지 녀",
1143,"보 지 물",
1144,"보 지 빨 아",
1145,"보 지 빨 어",
1146,"보 지 빨아",
1147,"보 지 빨어",
1148,"보 지 털",
1149,"보 지 틀 래 기",
1150,"보 지 핧 아",
1151,"보 지 핧 어",
1152,"보 지 핧아",
1153,"보 지 핧어",
1154,"보 지녀",
1155,"보 지물",
1156,"보 지털",
1157,"보 짓 물",
1158,"보 짓물",
1160,"보지 구녕",
1161,"보지 구멍",
1162,"보지 녀",
1163,"보지 물",
1164,"보지 벌려",
1165,"보지 벌리",
1166,"보지 벌리자",
1167,"보지 빨 아",
1168,"보지 빨 어",
1169,"보지 빨아",
1170,"보지 빨어",
1171,"보지 털",
1172,"보지 털뽑아",
1173,"보지 틀 래 기",
1174,"보지 틀 래기",
1175,"보지 틀래기",
1176,"보지 핧 아",
1177,"보지 핧 어",
1178,"보지 핧아",
1179,"보지 핧어",
1180,"보지구녕",
1181,"보지구멍",
1182,"보지녀",
1183,"보지따먹기",
1184,"보지뚫어",
1185,"보지뜨더",
1186,"보지머리박기",
1187,"보지물",
1188,"보지물마셔",
1189,"보지박어",
1190,"보지벌려",
1191,"보지벌료",
1192,"보지벌리",
1193,"보지벌리자",
1194,"보지보지",
1195,"보지빨 아",
1196,"보지빨 어",
1197,"보지빨아",
1198,"보지빨어",
1199,"보지에자지껴",
1200,"보지에자지너",
1201,"보지자지",
1202,"보지정액",
1203,"보지쥐어짜",
1204,"보지찌져",
1205,"보지찢어",
1206,"보지털",
1207,"보지털뽑아",
1208,"보지털어",
1209,"보지틀 래 기",
1210,"보지틀 래기",
1211,"보지틀래 기",
1212,"보지틀래기",
1213,"보지핥아",
1214,"보지핥아줘",
1215,"보지핥어",
1216,"보지핧 아",
1217,"보지핧 어",
1218,"보지핧아",
1219,"보지핧아줘",
1220,"보지핧어",
1221,"보짓 물",
1222,"보짓물",
1223,"보짓물마셔",
1226,"북조선",
1240,"빙신쉐이",
1241,"빠 구 리",
1242,"빠 구리",
1243,"빠가십새",
1244,"빠가씹새",
1245,"빠구 리",
1246,"빠구리",
1247,"빠굴이",
1249,"뻑큐",
1250,"사 까 시",
1251,"사 까시",
1252,"사까 시",
1253,"사까시",
1257,"성 교 해",
1258,"성 폭 행",
1259,"성 폭행",
1261,"성교 하자",
1262,"성교하자",
1263,"성교해",
1264,"성폭 행",
1265,"성폭행",
1267,"섹스",
1268,"섹스하자",
1269,"섹스해",
1270,"소자지",
1273,"쉬밸년",
1275,"시 발 년",
1276,"시 발 놈",
1277,"시 발 새 끼",
1278,"시 발 새끼",
1279,"시 발년",
1280,"시 발놈",
1281,"시 방 새",
1282,"시 방새",
1283,"시 팔 넘",
1284,"시 팔 년",
1285,"시 팔 놈",
1286,"시 팔 새 끼",
1287,"시 팔 새끼",
1288,"시 팔넘",
1289,"시 팔년",
1290,"시 팔놈",
1291,"시댕이",
1293,"시발 년",
1294,"시발 놈",
1295,"시발 새 끼",
1296,"시발 새끼",
1297,"시발년",
1298,"시발놈",
1299,"시발새 끼",
1300,"시발새끼",
1301,"시방 새",
1302,"시방새",
1303,"시팍새끼",
1304,"시팔 넘",
1305,"시팔 년",
1306,"시팔 놈",
1307,"시팔 새 끼",
1308,"시팔 새끼",
1309,"시팔넘",
1310,"시팔년",
1311,"시팔놈",
1312,"시팔새 끼",
1313,"시팔새끼",
1316,"십 세 이",
1317,"십 세이",
1318,"십 셰 리",
1319,"십 셰리",
1321,"십 팔 새 끼",
1322,"십 팔 새끼",
1324,"십버지",
1325,"십부랄",
1326,"십부럴",
1328,"십세 이",
1329,"십세이",
1330,"십셰 리",
1331,"십셰리",
1332,"십자석",
1333,"십자슥",
1334,"십지랄",
1335,"십창녀",
1337,"십탱구리",
1338,"십탱굴이",
1339,"십팔 새 끼",
1340,"십팔 새끼",
1341,"십팔새 끼",
1342,"십팔새끼",
1343,"싸 가 지",
1344,"싸 가지",
1345,"싸가 지",
1346,"싸가지",
1349,"쌍 보 지",
1350,"쌍 보지",
1351,"쌍 쌍 보 지",
1352,"쌍 쌍 보지",
1353,"쌍년",
1354,"쌍놈",
1355,"쌍보 지",
1356,"쌍보지",
1357,"쌍쌍 보 지",
1358,"쌍쌍 보지",
1359,"쌍쌍보 지",
1360,"쌍쌍보지",
1365,"쌕쓰",
1367,"썅년",
1368,"쓰 바 새 끼",
1369,"쓰 바 새끼",
1372,"쓰바 새 끼",
1373,"쓰바 새끼",
1374,"쓰바새 끼",
1375,"쓰바새끼",
1378,"쓰브랄쉽세",
1382,"씨 발 년",
1383,"씨 발 롬",
1384,"씨 발년",
1385,"씨 발롬",
1386,"씨 뱅 가 리",
1387,"씨 뱅 가리",
1389,"씨 부 랄",
1390,"씨 부랄",
1391,"씨 불 알",
1392,"씨 불알",
1394,"씨 섹 끼",
1395,"씨 섹끼",
1396,"씨 파 넘",
1397,"씨 파넘",
1399,"씨 퐁 넘",
1400,"씨 퐁 뇬",
1401,"씨 퐁 보 지",
1402,"씨 퐁 보지",
1481,"\<africoon\>",
1482,"\<aidsbearer\>",
1487,"\<analcumdrip\>",
1488,"\<analdoctor\>",
1489,"\<aperape\>",
1491,"\<assbandit\>",
1492,"\<assbasher\>",
1495,"\<asshunter\>",
1496,"\<asskiss",
1498,"\<asslick",
1505,"\<assram",
1509,"\<assrape",
1518,"\<biotch\>",
1520,"\<blackanese\>",
1522,"\<blaxican\>",
1523,"\<blowjob\>",
1524,"\<blueball\>",
1527,"\<bonch\>",
1529,"\<boners\>",
1532,"nig+a\>",
1533,"\<bullshirt\>",
1536,"\<buttbang\>",
1540,"\<buttfucker",
1541,"\<buttlick",
1545,"\<buttmonkey\>",
1546,"\<buttmunch",
1549,"\<buttnugget",
1552,"\<buttslam",
1553,"\<buttstain\>",
1554,"\<cameljockey\>",
1555,"\<cann[aio]bis\>",
1557,"\<carpetmuncher",
1558,"\<cheapwhore\>",
1559,"\<chinawhite\>",
1561,"\<chinko\>",
1563,"\<choad\>",
1565,"\<circlejerk\>",
1566,"\<circumcise\>",
1574,"\<cocaine\>",
1576,"\<cocksucker\>",
1582,"\<coon\>",
1586,"\<cracka\>",
1587,"\<crackerass",
1588,"\<crackpipe",
1591,"\<creamtits\>",
1592,"\<crystalmeth\>",
1594,"\<cumboy",
1596,"\<cumbubble",
1598,"\<cumbucket\>",
1599,"\<cumcatcher",
1601,"\<cumdumpster",
1603,"\<cumeater\>",
1606,"\<cumm\>",
1608,"\<cumonmyface\>",
1609,"\<cums\>",
1610,"\<cumshooter",
1612,"\<cumshot",
1613,"\<cumslot",
1634,"\<dankhoe\>",
1637,"\<danknugg",
1642,"\<hashish\>",
1645,"\<heroin\>",
1650,"\<holywanker\>",
1653,"\<honkey\>",
1655,"\<hornytauren\>",
1657,"\<hotslut\>",
1661,"\<hymen\>",
1679,"\<jackoff\>",
1681,"\<kikes\>",
1690,"\<kunt\>",
1694,"\<lesbo\>",
1701,"\<longusdongus\>",
1702,"\<lsd\>",
1708,"\<mangina\>",
1709,"\<mansatchel\>",
1710,"\<marijuana\>",
1712,"\<mast[eu]rbat",
1719,"\<meth\>",
1725,"\<mooby\>",
1729,"\<morningwood\>",
1732,"\<monstercock",
1736,"\<moulie\>",
1740,"\<muffdiver",
1745,"\<natzi\>",
1748,"\<necrophil",
1751,"\<negrolicious\>",
1752,"\<negromancer\>",
1755,"\<nicklebag\>",
1767,"\<niglet",
1769,"\<nignog\>",
1770,"\<nigs\>",
1776,"\<oface\>",
1780,"\<onanism\>",
1781,"\<opium\>",
1783,"\<orgasm\>",
1790,"\<pcp\>",
1792,"\<pedophile\>",
1794,"\<penis",
1799,"\<phugface\>",
1800,"\<pikajew\>",
1811,"\<poontang\>",
1817,"\<porn\>",
1822,"\<priapism\>",
1823,"\<pr[o0]n\>",
1824,"\<pudendum\>",
1829,"\<pussyfart",
1833,"\<pussylick",
1834,"\<pussystomp",
1835,"\<puto\>",
1836,"\<quaaludes\>",
1842,"\<queers\>",
1843,"\<qweef\>",
1845,"\<raghead\>",
1852,"\<reefer\>",
1853,"\<reggin\>",
1856,"\<rimjob\>",
1857,"\<rohypnol\>",
1860,"\<rugmunch",
1866,"nig+er\>",
1873,"\<scrotum",
1878,"\<semen\>",
1881,"\<sexmachine\>",
1892,"\<slut\>",
1893,"\<slutmuffin\>",
1894,"\<smegma\>",
1895,"\<spanishfly\>",
1903,"\<spics\>",
1907,"\<squarehead\>",
1908,"\<stfu\>",
1912,"\<strapon\>",
1921,"\<talliwhacker\>",
1924,"\<tards\>",
1926,"\<teabagging\>",
1933,"\<throbknobbin\>",
1934,"\<thunderfuck\>",
1935,"\<tirdburglar",
1955,"\<turdburglars\>",
1957,"\<twatlick",
1958,"\<twats\>",
1959,"\<twatsuck",
1972,"\<viagra\>",
1979,"\<whitti?ey?\>",
1980,"\<whop\>",
1985,"\<zoophilia\>",
2003,"法$轮",
2004,"法$$轮",
2005,"法^轮",
2006,"法^^轮",
2007,"法@轮",
2008,"法@@轮",
2009,"法~轮",
2010,"法~~轮",
2011,"外挂",
2014,"外•挂",
2015,"外••挂",
2016,"外@挂",
2017,"外@@挂",
2018,"外~挂",
2019,"外~~挂",
2020,"外$挂",
2022,"私服",
2025,"毛泽东",
2026,"周恩来",
2027,"马克思",
2028,"恩格斯",
2029,"列宁",
2030,"赵紫阳",
2031,"胡耀邦",
2032,"刘少奇",
2033,"邓小平",
2034,"江泽民",
2035,"胡锦涛",
2036,"吴邦国",
2037,"温家宝",
2038,"贾庆林",
2039,"曾庆红",
2040,"黄菊",
2041,"吴官正",
2042,"李长春",
2043,"罗干",
2044,"王乐泉",
2045,"王兆国",
2046,"回良玉",
2047,"刘淇",
2048,"刘云山",
2049,"吴仪",
2050,"张立昌",
2051,"张德江",
2052,"陈良宇",
2054,"周永康",
2055,"俞正声",
2056,"贺国强",
2057,"郭伯雄",
2058,"曹刚川",
2059,"曾培炎",
2060,"李鹏",
2061,"朱镕基",
2062,"李瑞环",
2063,"尉健行",
2064,"李岚清",
2065,"李洪志",
2066,"萨达姆",
2067,"拉登",
2068,"法轮",
2069,"法轮功",
2070,"法轮大法",
2072,"台独",
2073,"台湾独立",
2074,"恐怖主义",
2075,"狗屁",
2076,"大便",
2077,"撒尿",
2078,"淫秽",
2079,"阴部",
2080,"阴道",
2081,"屁股",
2082,"操逼",
2083,"军妓",
2084,"卖淫",
2085,"阴唇",
2086,"鸡八",
2087,"骚货",
2088,"强奸",
2089,"阴毛",
2090,"轮奸",
2091,"叫床",
2092,"妓院",
2093,"鸡鸡",
2094,"奶子",
2095,"花柳",
2096,"爱滋",
2097,"淫水",
2098,"打炮",
2099,"龟头",
2100,"乳房",
2101,"妓女",
2102,"鬼公",
2103,"嫖客",
2104,"吹箫",
2105,"包皮",
2106,"月经",
2107,"荡妇",
2108,"放荡",
2109,"婊子",
2110,"野鸡",
2111,"招妓",
2112,"他妈的",
2113,"日他娘",
2114,"狗日的",
2115,"王八蛋",
2116,"性无能",
2117,"婊子养的",
2118,"狗狼养的",
2119,"操你奶奶",
2120,"操你妈",
2121,"傻逼",
2122,"共产党",
2123,"共军",
2124,"国民党",
2125,"纳粹",
2126,"皇军",
2127,"日本帝国",
2128,"大东亚",
2129,"共荣圈",
2130,"赤匪",
2131,"共匪",
2141,"yuckfu",
2142,"yuckfou",
2143,"transvestite",
2144,"transsexual",
2145,"testicle",
2146,"tampon",
2147,"sphincter",
2148,"sperm",
2149,"phuck",
2150,"gangbang",
2151,"felch",
2152,"bukkake",
2153,"bukakke",
2154,"bukake",
2157,"\<vagina",
2158,"\<twaty\>",
2159,"\<twatty\>",
2160,"\<turbanhead",
2161,"\<titsnass\>",
2162,"\<titnass\>",
2163,"\<sh[ie][ie]thead\>",
2164,"\<peckerwood\>",
2166,"\<negroid\>",
2167,"\<mooncricket\>",
2168,"\<kyke",
2169,"\<jigg",
2170,"\<jerkoff\>",
2171,"\<hentai\>",
2172,"\<gringo\>",
2173,"\<goddamn",
2174,"\<gizm\>",
2175,"\<gism\>",
2176,"\<ganja\>",
2177,"\<fellatio",
2178,"\<fawk",
2180,"\<dimebag\>",
2181,"\<dickholster\>",
2182,"\<diaperhead\>",
2183,"\<cunny\>",
2184,"\<bustanut\>",
2185,"\<asshat\>",
2186,"\<aryan\>",
2187,"\<arsehole\>",
2188,"\<arse\>",
2189,"\<americunt\>",
2190,"\<alphanigg",
2191,"\<aggin\>",
2192,"\<aftercum\>",
3401,"\<anale\>",
3402,"\<bais[e�sz]?\>",
3403,"\<baisez \>",
3405,"\<bandent\>",
3408,"\<batard\>",
3410,"\<bittes\>",
3411,"\<boucaque\>",
3412,"\<bougnoule\>",
3413,"\<branlage\>",
3414,"\<branle\>",
3415,"\<branl�",
3416,"\<branler\>",
3417,"\<branles\>",
3418,"\<branlette\>",
3419,"\<branlettes\>",
3420,"\<caca\>",
3421,"\<cacas\>",
3422,"\<clitoridienne\>",
3423,"\<conar[dt]s?\>",
3424,"\<con*asses?\>",
3425,"\<connes?\>",
3426,"\<couilles?\>",
3427,"\<cul\>",
3428,"\<cul[es]?\>",
3429,"\<cunni\>",
3430,"\<d�nce\>",
3431,"\<�c \>",
3432,"\<�culation\>",
3433,"\<�culer\>",
3434,"\<enflure\>",
3435,"\<fel*ation\>",
3436,"\<fellat\>",
3437,"\<fourer\>",
3438,"\<foutre",
3439,"\<fumier\>",
3440,"\<gouinasses?\>",
3441,"\<gouin*es?\>",
3442,"\<juter?\>",
3443,"\<merdeu\>",
3444,"\<merdeuse\>",
3445,"\<merdeuses\>",
3446,"\<merdeux\>",
3448,"\<nibard\>",
3449,"\<niker\>",
3450,"\<nique[ntrs]*\>",
3451,"\<niquetam�\>",
3452,"\<partou[sz]e\>",
3453,"\<p�le\>",
3456,"\<pedophil\>",
3457,"\<petasses?\>",
3458,"\<piner\>",
3459,"\<pinnes?\>",
3460,"\<pouffiasse\>",
3461,"\<putains?\>",
3462,"\<putasses?\>",
3463,"\<putes?\>",
3464,"\<puttains?\>",
3465,"\<puttes?\>",
3466,"\<ritale?\>",
3467,"\<salauds?\>",
3468,"\<salop[es]*\>",
3469,"\<sodomi",
3470,"\<sousmerde\>",
3471,"\<sperme\>",
3473,"\<tantouzes?\>",
3474,"\<tapet*es?\>",
3475,"\<tarlou[sz]es\>",
3476,"\<tassep�",
3477,"\<transexuel",
3478,"\<travestie\>",
3479,"\<tringle[rs]\>",
3481,"\<troncher\>",
3482,"\<turlut*e[rs]?\>",
3483,"\<vagin\>",
3484,"\<vaginale\>",
3485,"\<youpin\>",
3486,"\<youpins\>",
3487,"\<zob[eis]?[rs]?\>",
3488,"\<anus\>",
3489,"\<arsch\>",
3492,"busen\>",
3493,"\<depp\>",
3494,"erotisch\>",
3495,"\<fick\>",
3496,"flittchen\>",
3497,"fotze",
3498,"\<furz\>",
3500,"\<hure\>",
3501,"\<japs\>",
3502,"\<kack\>",
3503,"\<kiff\>",
3504,"kr�ppel",
3505,"\<leck\>",
3507,"m�se",
3508,"\<mu[cs]*hi\>",
3510,"\<schiss\>",
3513,"\<st�mmel\>",
3514,"\<t�rke\>",
3515,"\<wichs\>",
3516,"\<aasgeier\>",
3517,"\<abgefuckt\>",
3518,"\<abgespritzt\>",
3519,"\<abkacken\>",
3520,"\<abschaum\>",
3521,"\<abseiler\>",
3522,"\<abspritzen\>",
3523,"\<achselhaarratte\>",
3524,"\<achsellecker\>",
3526,"\<affenarsch\>",
3527,"\<affengesicht\>",
3528,"\<affig\>",
3529,"\<analb�rste\>",
3530,"\<analerotiker\>",
3531,"\<analgeburt\>",
3532,"\<analintruder\>",
3533,"\<analkriecher\>",
3534,"\<analrakete\>",
3535,"\<analsex\>",
3536,"\<analtranse\>",
3537,"\<analtrompete\>",
3538,"\<anwichsen\>",
3539,"\<arier\>",
3540,"\<armleuchter\>",
3541,"\<arsch",
3542,"\<asselarsch\>",
3543,"\<asylantensau\>",
3544,"\<ausgeburt\>",
3545,"\<ausl�er",
3546,"\<babystrich\>",
3547,"\<bahnhofsb�cker\>",
3548,"\<baumhure\>",
3549,"\<bazille\>",
3550,"\<beh�ert\>",
3551,"\<bekloppt\>",
3552,"\<bekloppter\>",
3553,"\<beknackt",
3554,"\<beschissen\>",
3555,"\<beschneiden\>",
3556,"\<beschnitten\>",
3557,"\<bettn�er\>",
3558,"\<beutelratte\>",
3559,"\<billighure\>",
3560,"\<blas\>",
3561,"\<bl�d",
3563,"\<bollen\>",
3564,"\<bordsteinschwalbe\>",
3565,"\<brechmittel\>",
3567,"\<buk*ake\>",
3568,"\<bummsb�>",
3569,"\<bumsbalken\>",
3570,"\<bumsbr�tchen\>",
3571,"\<bumsen\>",
3572,"\<bumser\>",
3573,"\<busen\>",
3574,"\<callboy\>",
3575,"\<callgirl\>",
3576,"\<canaille\>",
3577,"\<d�ack\>",
3578,"\<d�ich",
3579,"\<darmd�bel\>",
3580,"\<daumenlutscher\>",
3581,"\<deppl?\>",
3582,"\<dickarsch\>",
3583,"\<dicksch�l\>",
3584,"\<dildolutscher\>",
3585,"\<dirne\>",
3586,"\<d�del\>",
3587,"\<doofbacke\>",
3588,"\<doofmann\>",
3589,"\<dopamin\>",
3590,"\<dorfdepp\>",
3591,"\<d�sbattl\>",
3592,"\<d�skopf\>",
3593,"\<dreckfurz\>",
3594,"\<drecks",
3595,"\<dreik�hoch\>",
3596,"\<droge\>",
3597,"\<dum[bp]fbacke\>",
3598,"\<dummbatz\>",
3599,"\<dummbeutel\>",
3600,"\<dummbold\>",
3601,"\<dummd�del\>",
3602,"\<dummerchen\>",
3603,"\<dummfick\>",
3604,"\<dummkopf\>",
3605,"\<dummschlumpf\>",
3606,"\<dummschw�er\>",
3607,"\<dummschwein\>",
3608,"\<dunkelmann\>",
3609,"\<durchfall\>",
3610,"\<durchficken\>",
3611,"\<durchgefickt\>",
3612,"\<durchnehmen\>",
3613,"\<durchv�geln\>",
3614,"\<dussel\>",
3616,"\<eichelbirne\>",
3617,"\<eichelk�\>",
3618,"\<eierb�>",
3619,"\<eierkopf\>",
3620,"\<eiterbeule\>",
3621,"\<eitergeschw�r\>",
3622,"\<ejakul",
3623,"\<elefantenschwanz\>",
3624,"\<entenarsch\>",
3625,"\<entmannen\>",
3626,"\<ereg\>",
3627,"\<erektion\>",
3628,"\<eumel\>",
3629,"\<eunuch\>",
3630,"\<f�l",
3631,"\<fatzke\>",
3632,"\<fehlgeburt\>",
3633,"\<fetisch\>",
3634,"\<fettberg\>",
3635,"\<fettklo�>",
3636,"\<fettsack\>",
3637,"\<fettsau\>",
3638,"\<fettschwein\>",
3639,"\<fettwanst\>",
3641,"\<fickarsch\>",
3642,"\<fickbanane\>",
3643,"\<ficken\>",
3644,"\<ficker\>",
3645,"\<fickfehler\>",
3646,"\<fickfrosch\>",
3647,"\<fickgelegenheit\>",
3648,"\<fickkr�ppel\>",
3649,"\<ficknudel\>",
3650,"\<ficksau\>",
3651,"\<filzlaus\>",
3652,"\<fischarsch\>",
3653,"\<fischkopf\>",
3654,"\<flachwichser\>",
3655,"\<flatterfotze\>",
3656,"\<fliegendreck\>",
3657,"\<fliegenschiss\>",
3658,"\<flittchen\>",
3659,"\<forz\>",
3660,"\<forzer\>",
3661,"\<forzkanone\>",
3662,"\<fotze\>",
3663,"\<fotzenb�>",
3664,"\<fotzenknecht\>",
3665,"\<fotzenkopf\>",
3666,"\<fotzenlecker\>",
3667,"\<fotzenschleim\>",
3668,"\<fressack\>",
3669,"\<freudenm�hen\>",
3670,"\<froschfotze\>",
3671,"\<froschfresse\>",
3673,"\<furze[nr]\>",
3674,"\<furzkanone\>",
3676,"\<futtkopp\>",
3677,"\<geblasen\>",
3678,"\<gefickt\>",
3679,"\<geh�esammler\>",
3680,"\<gehirnakrobat\>",
3681,"\<gehirnamputierter\>",
3682,"\<gehirnloser\>",
3683,"\<genital%\>",
3684,"\<genitalpolyp\>",
3685,"\<genitalwarze\>",
3686,"\<geschissen\>",
3687,"\<geschmei�>",
3688,"\<gesichtsbaracke\>",
3689,"\<gesichtsbesamung\>",
3690,"\<gesichtstampon\>",
3691,"\<gesocks\>",
3692,"\<gesox\>",
3693,"\<gest�rter\>",
3694,"\<giftzwerg\>",
3695,"\<glied\>",
3696,"\<gliedvorzeiger\>",
3697,"\<glotzkopf\>",
3698,"\<goebbels\>",
3699,"\<gpunkt\>",
3700,"\<g-punkt\>",
3701,"\<gro�otz\>",
3702,"\<gro�aul\>",
3703,"\<gruppensex\>",
3704,"\<gsichtserna\>",
3705,"\<gummifotzenficker\>",
3706,"\<hackfleischsadist\>",
3707,"\<hackfresse\>",
3708,"\<halbaffe\>",
3709,"\<hammelficker\>",
3710,"\<h�etitten?\>",
3711,"\<hanswurst\>",
3712,"\<hasch",
3713,"\<heckenbefruchter\>",
3714,"\<herpes\>",
3715,"\<heulsuse\>",
3716,"\<himmler\>",
3717,"\<hintern\>",
3718,"\<hirbelkind\>",
3719,"\<hirni\>",
3720,"\<hirnloser\>",
3721,"\<hirnpisser\>",
3722,"\<hirnverbrannter\>",
3723,"\<hitler\>",
3724,"\<hoden\>",
3725,"\<hodenfuchs\>",
3726,"\<hodenloser\>",
3727,"\<hodenrassler\>",
3728,"\<hohlkopf\>",
3729,"\<holzkopf\>",
3730,"\<homolette\>",
3731,"\<homoonanierer\>",
3732,"\<homosau\>",
3733,"\<hornochse\>",
3734,"\<h�schen\>",
3735,"\<hosenpisser\>",
3736,"\<hosenschei�r\>",
3737,"\<hosenscheisser\>",
3738,"\<h�hnerficker\>",
3740,"\<hundepissetrinker\>",
3741,"\<hundesohn\>",
3743,"\<hurenbock\>",
3744,"\<hurensohn\>",
3745,"\<hurenstecher\>",
3746,"\<hurentochter\>",
3747,"\<impotenter\>",
3748,"\<impotenz\>",
3749,"\<irrer\>",
3750,"\<jammerlappen\>",
3751,"\<jauchemaul\>",
3752,"\<judenarsch\>",
3753,"\<judensau\>",
3754,"\<kacke\>",
3755,"\<kacken\>",
3756,"\<kacker\>",
3757,"\<kackschlampe\>",
3758,"\<kaka\>",
3759,"\<kamelsamenspender\>",
3760,"\<kanacke\>",
3761,"\<kanackensau\>",
3762,"\<kanackenschwein\>",
3763,"\<kanake?\>",
3764,"\<kanalratte\>",
3765,"\<karusellbremser\>",
3766,"\<kasilacke\>",
3767,"\<k�opf\>",
3768,"\<kastrat\>",
3769,"\<kastrier",
3770,"\<ketamin\>",
3771,"\<kiffen\>",
3772,"\<kiffer\>",
3773,"\<kinderficken\>",
3774,"\<kinderficker\>",
3775,"\<kissenficker\>",
3776,"\<kitzler\>",
3777,"\<klitoris\>",
3778,"\<kloakensammler\>",
3779,"\<klugscheisser\>",
3780,"\<knallerbse\>",
3781,"\<knallkopf\>",
3782,"\<knickpimmel\>",
3783,"\<knoblauchfresser\>",
3784,"\<kokain\>",
3785,"\<koks\>",
3786,"\<koksen\>",
3787,"\<k�lschpisser\>",
3788,"\<kondom\>",
3789,"\<korinthenkacker\>",
3790,"\<kotfotze\>",
3791,"\<kotnascher\>",
3792,"\<kotnaschie\>",
3793,"\<kotzbrocken\>",
3794,"\<kotzefresser\>",
3795,"\<kotzen\>",
3796,"\<kr�ppel\>",
3797,"\<kuhfotze\>",
3798,"\<k�mmelt�rke\>",
3799,"\<lackaffe\>",
3800,"\<laffe\>",
3801,"\<lahmarsch\>",
3802,"\<lallkopf\>",
3803,"\<lendenlutscher\>",
3804,"\<lesbe\>",
3805,"\<linkswichser\>",
3806,"\<linxwichser\>",
3807,"\<luder\>",
3808,"\<l�mmelt�tenlutscher\>",
3809,"\<lumpenpack\>",
3810,"\<lustmolch\>",
3813,"\<marihuana\>",
3814,"\<massenwichser\>",
3815,"\<mastdarmtourist\>",
3816,"\<masturb\>",
3817,"\<masturbationsakrobat\>",
3818,"\<masturbieren\>",
3819,"\<m�esse\>",
3820,"\<matschbirne\>",
3821,"\<meerschweinchenfotze\>",
3822,"\<memme\>",
3823,"\<mengele\>",
3824,"\<mies\>",
3825,"\<mistfink\>",
3826,"\<mistst�ck\>",
3827,"\<mistvieh\>",
3828,"\<moderm�se\>",
3829,"\<moehse\>",
3830,"\<moese\>",
3831,"\<m�hse\>",
3832,"\<mo*shammer\>",
3833,"\<m�se\>",
3834,"\<m�sen\>",
3835,"\<mu[sc]+hi\>",
3836,"\<m�llmann\>",
3837,"\<muschidose\>",
3838,"\<muschilecker\>",
3839,"\<muschis\>",
3840,"\<mutterbefruchter\>",
3841,"\<mutterficker\>",
3842,"\<nasenbohrer\>",
3843,"\<nasenficker\>",
3844,"\<nasepopler\>",
3845,"\<neger\>",
3846,"\<negerpenis\>",
3847,"\<nescher\>",
3848,"\<nille\>",
3849,"\<nillenficker\>",
3850,"\<nillenk�\>",
3851,"\<nonnenfoz\>",
3852,"\<notgeiler\>",
3853,"\<n�llenkopf\>",
3854,"\<nutte\>",
3855,"\<nuttenbefruchter\>",
3856,"\<nuttenficker\>",
3857,"\<onanierer\>",
3858,"\<osama\>",
3859,"\<penner\>",
3860,"\<pestbeule\>",
3861,"\<pfurz\>",
3862,"\<pfurzen\>",
3863,"\<pickelarsch\>",
3864,"\<pickelfresse\>",
3865,"\<pimmel\>",
3866,"\<pimmelkauer\>",
3867,"\<pimmelzwerg\>",
3868,"\<pimpern\>",
3869,"\<pissen\>",
3870,"\<pissgesicht\>",
3871,"\<pisskachel\>",
3872,"\<pisskopp\>",
3873,"\<pissnelke\>",
3874,"\<pissrinne\>",
3875,"\<pissritze\>",
3876,"\<popelfresser\>",
3877,"\<popeln\>",
3878,"\<popler\>",
3879,"\<popohinhalter\>",
3880,"\<pottsau\>",
3881,"\<prallkopf\>",
3882,"\<presswurst\>",
3883,"\<promillepapst\>",
3884,"\<psychopat\>",
3885,"\<pubsen\>",
3886,"\<pubser\>",
3887,"\<puffmutter\>",
3888,"\<puffratte\>",
3889,"\<puffwanze\>",
3890,"\<pupsen\>",
3891,"\<pupskanone\>",
3892,"\<pussi\>",
3893,"\<qu�n\>",
3894,"\<quasselstrippe\>",
3895,"\<quatschkopf\>",
3896,"\<raffke\>",
3897,"\<raffzahn\>",
3898,"\<rammeln\>",
3899,"\<rammler\>",
3900,"\<randsteinbefruchter\>",
3901,"\<rindvieh\>",
3902,"\<ritzenputzer\>",
3903,"\<rosettenficker\>",
3904,"\<rosettenlecker\>",
3905,"\<rosettenschlemmer\>",
3906,"\<rotarschpavian\>",
3907,"\<rotzbengel\>",
3908,"\<rotzl�ffel\>",
3909,"\<rotznase\>",
3910,"\<rumficken\>",
3911,"\<rumjuderei\>",
3912,"\<runterhol%\>",
3913,"\<sackgesicht\>",
3914,"\<sackratte\>",
3915,"\<saftsack\>",
3916,"\<samenspender\>",
3917,"\<samentoilette\>",
3918,"\<sau\>",
3919,"\<saubl�d\>",
3920,"\<saubock\>",
3921,"\<saudumm\>",
3922,"\<saufsack\>",
3923,"\<saukrampen\>",
3924,"\<schamhaar\>",
3925,"\<schamlippe\>",
3926,"\<schamlippen\>",
3927,"\<schamritze\>",
3928,"\<scharon\>",
3929,"\<scheiss\>",
3930,"\<schei�>",
3931,"\<schei�reck\>",
3932,"\<schei�fresser\>",
3933,"\<scheissen\>",
3934,"\<scheisser\>",
3935,"\<schei�r\>",
3937,"\<schei�aufen\>",
3938,"\<scheisshaufen\>",
3939,"\<schei�erl\>",
3940,"\<scheisskopf\>",
3941,"\<schei�och\>",
3942,"\<schimmelscheide\>",
3943,"\<schisser\>",
3944,"\<schisskopf\>",
3945,"\<schlabberbacke\>",
3946,"\<schlampe\>",
3947,"\<schlappnudel\>",
3948,"\<schlappsack\>",
3949,"\<schlappschwanz\>",
3950,"\<schleimbeutel\>",
3951,"\<schleimbrocken\>",
3952,"\<schleimklumpen\>",
3953,"\<schleimscheisser\>",
3954,"\<schlitzpisser\>",
3955,"\<schmalspurpisser\>",
3956,"\<schmierfink\>",
3957,"\<schmierlappen\>",
3958,"\<schnallentreiber\>",
3959,"\<schnapsdrossel\>",
3960,"\<schnapsnase\>",
3961,"\<schnarchzapfen\>",
3962,"\<schnellonanierer\>",
3963,"\<schokohure\>",
3964,"\<schokostecher\>",
3965,"\<schr�der\>",
3966,"\<schrumpelfotze\>",
3967,"\<schwachkopf\>",
3968,"\<schwachsinniger\>",
3969,"\<schwanzgrapscher\>",
3970,"\<schwanzloser\>",
3971,"\<schwanzlutscher\>",
3972,"\<schweinebacke\>",
3973,"\<schweinepriester\>",
3974,"\<schwuchtel\>",
3976,"\<schwulenkrebs\>",
3978,"\<schwulette\>",
3979,"\<schwuli\>",
3980,"\<seifenb�cker\>",
3981,"\<sekierer\>",
3982,"\<selbstbefriedig\>",
3983,"\<selbstbefriedigung\>",
3984,"\<semmelgesicht\>",
3985,"\<sesselfurzer\>",
3986,"\<sesselpubser\>",
3987,"\<sexprotz\>",
3988,"\<sexspielzeug\>",
3989,"\<sitzpinkler\>",
3990,"\<sitzpisser\>",
3991,"\<spacken\>",
3992,"\<spacko\>",
3993,"\<spasst\>",
3994,"\<spastiker\>",
3995,"\<spatzenhirn\>",
3996,"\<speichellecker\>",
3997,"\<sperma\>",
3998,"\<spermalecker\>",
3999,"\<spermarutsche\>",
4000,"\<spermaschlucker\>",
4001,"\<spermien\>",
4002,"\<stalin\>",
4003,"\<standgebl�\>",
4005,"\<steckdosenbefruchter\>",
4006,"\<stecksau\>",
4007,"\<stelzbock\>",
4008,"\<stinkfotze\>",
4009,"\<stinkm�se\>",
4010,"\<stinksack\>",
4011,"\<stinkschlitz\>",
4012,"\<stinkstiefel\>",
4013,"\<stoffwechselendprodukt\>",
4014,"\<stoiber\>",
4015,"\<strandscheisser\>",
4016,"\<stricher\>",
4017,"\<strichjunge\>",
4018,"\<strohkopf\>",
4019,"\<sturzgeburt\>",
4020,"\<suffkopf\>",
4021,"\<supersau\>",
4022,"\<titte\>",
4023,"\<titten\>",
4024,"\<tittenfick\>",
4025,"\<tittenficker\>",
4026,"\<toilettenabschmecker\>",
4028,"\<trottel\>",
4029,"\<tucke\>",
4030,"\<tunte\>",
4031,"\<vagina\>",
4032,"\<vaginalausflu�>",
4033,"\<verfickt\>",
4034,"\<verfickte\>",
4035,"\<vergas\>",
4036,"\<vergasen\>",
4037,"\<verkackt\>",
4038,"\<verpiss\>",
4039,"\<verpisse[nr]\>",
4040,"\<vogelfotze\>",
4041,"\<vollarsch\>",
4042,"\<vollidiot\>",
4043,"\<votze\>",
4044,"\<waldhure\>",
4045,"\<wandervakuum\>",
4046,"\<warmduscher\>",
4047,"\<wichsbirne\>",
4048,"\<wichsbolzen\>",
4049,"\<wichse[nr]\>",
4050,"\<wichser\>",
4051,"\<wichsfleck\>",
4052,"\<wichsfrosch\>",
4053,"\<wichssau\>",
4054,"\<wichsvorlage\>",
4055,"\<wichswurst\>",
4056,"\<wix+e[nr]\>",
4057,"\<zigeunerkind\>",
4058,"\<zigeunermuschi\>",
4059,"\<zimtzicke\>",
4060,"\<zipfelklatscher\>",
4061,"\<zweihandwichser\>",
4062,"\<zwergenpimmel\>",
4081,"三K党",
4082,"中功",
4085,"九城",
4086,"乱伦",
4087,"乳交",
4089,"做爱",
4090,"傻B",
4091,"勃不起斯懦夫",
4092,"勃大精深",
4093,"卵子",
4094,"口交",
4095,"喇嘛",
4096,"基地组织",
4097,"外··挂",
4098,"外·挂",
4101,"孙中山",
4102,"射精",
4103,"小泉纯一郎",
4104,"小犬蠢一狼",
4105,"小鸡鸡",
4106,"屄",
4107,"屌",
4108,"山口组",
4109,"巨灵神",
4110,"希特勒",
4111,"干死",
4112,"弟大物勃",
4113,"张宏堡",
4114,"性交",
4115,"情兽",
4116,"我操",
4117,"我日",
4118,"操你",
4119,"支那",
4120,"日你",
4121,"日你妈",
4122,"本拉登",
4123,"朱骏",
4124,"李大师",
4125,"李登辉",
4126,"梅毒",
4127,"次郎",
4128,"沙僧",
4129,"淫荡",
4130,"淫魔",
4131,"游戏管理员",
4132,"煞笔",
4133,"牛魔王",
4134,"狗城",
4135,"疆独",
4136,"精子",
4137,"精液",
4138,"精童欲女",
4139,"肛交",
4140,"茎候佳阴",
4141,"蒋介石",
4142,"西藏",
4144,"达赖",
4145,"阴茎",
4146,"阿扁",
4147,"陈水扁",
4148,"韩正",
4149,"骚逼",
4150,"鸡巴",
4151,"黑手党",
4161,"\<enfoiré\>",
4162,"\<encule\>",
4163,"\<enculé\>",
4164,"\<connard\>",
4165,"\<connasse\>",
4166,"\<splif+\>",
4167,"\<tarpé\>",
4168,"\<facho\>",
4169,"\<salo\>",
4170,"\<viet\>",
4171,"\<merde\>",
4172,"\<pénis\>",
4173,"國民黨",
4174,"親民黨",
4175,"民進黨",
4176,"台聯黨",
4177,"台獨",
4178,"台灣獨立",
4179,"陳水扁",
4180,"呂秀蓮",
4181,"宋楚瑜",
4182,"李登輝",
4183,"連戰",
4184,"馬英九",
4185,"謝長廷",
4186,"王俊博",
4187,"林榮一",
4188,"智凡迪",
4189,"遊戲新幹線",
4190,"新幹線",
4191,"遊戲新斷線",
4192,"新斷線",
4193,"智冠",
4194,"幹",
4195,"幹你",
4196,"幹妳",
4197,"操",
4200,"操妳",
4201,"肏",
4203,"欠幹",
4204,"姦",
4205,"媽的",
4206,"打砲",
4210,"雞八",
4211,"雞巴",
4212,"雞雞",
4213,"小穴",
4214,"懶叫",
4215,"吃屎",
4216,"吃大便",
4217,"淫",
4218,"淫蕩",
4219,"淫賤",
4220,"賤",
4222,"婊",
4224,"哭夭",
4225,"哭么",
4226,"靠夭",
4227,"靠么",
4228,"官方",
4229,"做愛",
4231,"打手槍",
4232,"陰蒂",
4233,"陰道",
4234,"睪丸",
4235,"精水",
4238,"勃起",
4240,"精蟲",
4242,"早洩",
4243,"陽萎",
4244,"強姦",
4245,"強暴",
4248,"陰莖",
4249,"仆",
4250,"草枝麻",
4251,"草芝麻",
4253,"屁眼",
4254,"陽具",
4255,"乳頭",
4256,"奶頭",
4257,"魔獸幣",
4258,"賣幣",
4259,"代練",
4261,"雞掰",
4262,"\<gmworkers\>",
4263,"\<thsale\>",
4264,"\<offgamers\>",
4265,"\<mysupersales\>",
4266,"\<igxe\>",
4267,"\<ezgaming\>",
4270,"\<itembay\>",
4271,"\<zlywy\>",
4272,"\<wowsupplier\>",
4273,"\<GMworker\>",
4274,"\<Offgamers\>",
4275,"\<Mysupersales\>",
4276,"\<Ezgaming\>",
