1,0,"ElwFlo01.mdl",
2,1,"ElwFlo02.mdl",
3,2,"ElwFlo03.mdl",
4,3,"ElwGra01.mdl",
5,4,"ElwGra02.mdl",
6,5,"ElwGra03.mdl",
7,6,"ElwGra04.mdl",
8,7,"ElwGra05.mdl",
9,8,"ElwGra06.mdl",
10,9,"ElwGra07.mdl",
11,10,"ElwGra08.mdl",
12,11,"ElwRoc01.mdl",
13,12,"ElwRoc02.mdl",
14,13,"ElwFlo03.mdl",
15,14,"WesWea04.mdl",
16,15,"WesWea03.mdl",
17,16,"WesWea02.mdl",
18,17,"WesWea01.mdl",
19,18,"WesShe03.mdl",
20,19,"WesShe02.mdl",
21,20,"WesShe01.mdl",
22,21,"WesRoc02.mdl",
23,22,"WesRoc01.mdl",
24,23,"WesGra04.mdl",
25,24,"WesGra03.mdl",
26,25,"WesGra02.mdl",
27,26,"WesGra01.mdl",
28,27,"WesFlo01.mdl",
29,28,"WesBus03.mdl",
30,29,"WesBus02.mdl",
31,30,"WesBus01.mdl",
32,31,"DskFlo02.mdl",
33,32,"DskGra01.mdl",
34,33,"DskFlo01.mdl",
35,34,"DskGra02.mdl",
36,35,"DskGra03.mdl",
37,36,"DskGra04.mdl",
38,37,"DskGra05.mdl",
39,38,"DskGra06.mdl",
40,39,"RedBus01.mdl",
41,40,"RedRoc02.mdl",
42,41,"RedRoc01.mdl",
43,42,"RedGra02.mdl",
44,43,"RedGra01.mdl",
45,44,"RedFlo04.mdl",
46,45,"RedFlo03.mdl",
47,46,"RedFlo02.mdl",
48,47,"RedFlo01.mdl",
49,48,"RedBus02.mdl",
50,49,"StlGra03.mdl",
51,50,"StlGra02.mdl",
52,51,"StlGra01.mdl",
53,52,"StlFlo01.mdl",
54,53,"StlFlo03.mdl",
55,54,"StlFlo02.mdl",
56,55,"StlFlo05.mdl",
57,56,"StlFlo04.mdl",
58,57,"StlBus03.mdl",
59,58,"StlBus02.mdl",
60,59,"StlBus01.mdl",
61,60,"StlRoc01.mdl",
62,61,"StlRoc02.mdl",
63,62,"BlaRoc01.mdl",
64,63,"BlaRoc02.mdl",
65,64,"BlaRoc03.mdl",
66,65,"BlaRoc04.mdl",
67,66,"BlaRoc11.mdl",
68,67,"BlaRoc12.mdl",
69,68,"BlaRoc13.mdl",
70,69,"BlaRoc05.mdl",
71,70,"BlaRoc06.mdl",
72,71,"BlaRoc07.mdl",
73,72,"BlaRoc08.mdl",
74,73,"SosBus02.mdl",
75,74,"SosBus05.mdl",
76,75,"SosBus03.mdl",
77,76,"SosFlo03.mdl",
78,77,"SosFlo02.mdl",
79,78,"SosFlo01.mdl",
80,79,"SosGra07.mdl",
81,80,"SosGra05.mdl",
82,81,"SosGra04.mdl",
83,82,"SosGra02.mdl",
84,83,"SosBus01.mdl",
85,84,"SosGra01.mdl",
86,85,"BadBus01.mdl",
87,86,"BadBus02.mdl",
88,87,"BadBus03.mdl",
89,88,"BadBus04.mdl",
90,89,"BadBus05.mdl",
91,90,"BadBus06.mdl",
92,91,"BadBus07.mdl",
93,92,"BadBus08.mdl",
94,93,"BadGra01.mdl",
95,94,"BadGra02.mdl",
96,95,"BadRoc01.mdl",
97,96,"BadRoc02.mdl",
98,97,"BadRoc03.mdl",
99,98,"BstBra01.mdl",
100,118,"BstBra02.mdl",
101,100,"BstBra03.mdl",
102,112,"BstBra04.mdl",
103,102,"BstBra05.mdl",
104,114,"BstBra06.mdl",
105,104,"BstBra07.mdl",
106,116,"BstBra08.mdl",
107,106,"BstRoc01.mdl",
108,107,"BstRoc02.mdl",
109,108,"BstRoc03.mdl",
110,109,"BstRoc04.mdl",
111,110,"BstRoc05.mdl",
112,117,"DunGra04.mdl",
113,99,"DunGra03.mdl",
114,111,"DunGra02.mdl",
115,101,"DunGra01.mdl",
116,113,"DunBus01.mdl",
117,103,"DunBus02.mdl",
118,115,"DunBus03.mdl",
119,105,"DunBra04.mdl",
120,119,"DwpWea04.mdl",
121,120,"DwpWea03.mdl",
122,121,"DwpWea02.mdl",
123,122,"DwpWea01.mdl",
124,123,"DwpRoc03.mdl",
125,124,"DwpRoc02.mdl",
126,125,"DwpRoc01.mdl",
127,126,"DwpGra03.mdl",
128,127,"DwpGra02.mdl",
129,128,"DwpGra01.mdl",
130,129,"DwpBra03.mdl",
131,130,"DwpBra02.mdl",
132,131,"DwpBra01.mdl",
133,132,"WetGra03.mdl",
134,133,"WetGra02.mdl",
135,134,"WetGra01.mdl",
136,135,"WetFlo04.mdl",
137,136,"WetFlo03.mdl",
138,137,"WetFlo02.mdl",
139,138,"WetBus03.mdl",
140,139,"WetBus02.mdl",
141,140,"WetBus01.mdl",
142,141,"WetFlo05.mdl",
143,142,"LchFlo01.mdl",
144,143,"LchFlo02.mdl",
145,144,"LchFlo03.mdl",
146,145,"LchFlo04.mdl",
147,146,"LchFlo05.mdl",
148,147,"LchFlo06.mdl",
149,148,"LchFlo07.mdl",
150,149,"DwmBus01.mdl",
151,150,"DwmBus02.mdl",
152,151,"DwmBus03.mdl",
153,152,"DwmBus04.mdl",
154,153,"DwmBus05.mdl",
155,154,"DwmGra01.mdl",
156,155,"DwmGra02.mdl",
157,156,"DwmGra03.mdl",
158,157,"DwmGra04.mdl",
159,158,"DwmGra05.mdl",
160,159,"DwmGra06.mdl",
161,160,"DwmRoc01.mdl",
162,161,"DwmRoc02.mdl",
163,162,"TirisfallTho01.mdl",
164,163,"TirisfallTho02.mdl",
165,164,"TirisfallBus02.mdl",
166,165,"TirisfallTho05.mdl",
167,166,"TirisfallPla01.mdl",
168,167,"TirisfallTho03.mdl",
169,168,"TirisfallGra01.mdl",
170,169,"TirisfallBus01.mdl",
171,170,"Tirisfallsap01.mdl",
172,171,"TirisfallRoc01.mdl",
173,172,"TirisfallRoc02.mdl",
174,173,"LchRoc04.mdl",
175,174,"LchRoc03.mdl",
176,175,"LchRoc02.mdl",
177,176,"LchRoc01.mdl",
178,177,"SilverPineVine01.mdl",
179,178,"SilverPinesap01.mdl",
180,179,"SilverPineGra01.mdl",
181,180,"SilverPineFlo03.mdl",
182,181,"SilverPineFlo02.mdl",
183,182,"SilverPineFlo01.mdl",
184,183,"SilverPineBus02.mdl",
185,184,"SilverPineBus01.mdl",
186,185,"KalGra03.mdl",
187,186,"KalGra02.mdl",
188,187,"KalGra01.mdl",
189,188,"KalFlo04.mdl",
190,189,"KalFlo03.mdl",
191,190,"KalBus04.mdl",
192,191,"KalBus02.mdl",
193,192,"DrkBus01.mdl",
194,193,"DrkBus01.mdl",
195,194,"DrkBus02.mdl",
196,195,"DrkBus03.mdl",
197,196,"DrkBus04.mdl",
198,197,"DrkBus05.mdl",
199,198,"DrkBus06.mdl",
200,199,"DrkBus07.mdl",
201,200,"DrkGra01.mdl",
202,201,"DrkGra02.mdl",
203,202,"DrkGra03.mdl",
204,203,"DrkGra04.mdl",
205,204,"DrkGra05.mdl",
206,205,"DrkGra06.mdl",
207,206,"DurGra03.mdx",
208,207,"DurGra02.mdx",
209,208,"DurGra01.mdx",
210,209,"DurBus06.mdx",
211,210,"DurBus05.mdx",
212,211,"DurBus04.mdx",
213,212,"DurBus03.mdx",
214,213,"DurBus02.mdx",
215,214,"DurBus01.mdx",
216,215,"ArhBus01.mdx",
217,216,"AtcGra04.mdx",
218,217,"AtcGra03.mdx",
219,218,"AtcGra02.mdx",
220,219,"AtcGra01.mdx",
221,220,"AtcFlo01.mdx",
222,221,"AtcBus05.mdx",
223,222,"AtcBus04.mdx",
224,223,"AtcBus03.mdx",
225,224,"AtcBus02.mdx",
226,225,"AtcBus01.mdx",
227,226,"ApkBus01.mdx",
228,227,"ApkBus02.mdx",
229,228,"ApkBus03.mdx",
230,229,"ApkBus04.mdx",
231,230,"ApkBus05.mdx",
232,231,"ApkFlo01.mdx",
233,232,"ApkFlo02.mdx",
234,233,"ApkFlo03.mdx",
235,234,"ApkGra01.mdx",
236,235,"ApkGra02.mdx",
237,236,"ApkGra03.mdx",
238,237,"ApkGra04.mdx",
239,238,"MulBus01.mdx",
240,239,"MulBus02.mdx",
241,240,"MulFlo01.mdx",
242,241,"MulGra01.mdx",
243,242,"MulGra02.mdx",
244,243,"MulGra03.mdx",
245,244,"MulGra04.mdx",
246,245,"MulGra05.mdx",
247,246,"MulGra06.mdx",
248,247,"LchBus01.mdx",
249,248,"LchGra01.mdx",
250,249,"LchFlo09.mdx",
251,250,"LchFlo08.mdx",
252,251,"WetFlo01.mdx",
253,252,"ArathiFlo01.mdx",
254,253,"ArathiFlo02.mdx",
255,254,"ArathiGra01.mdx",
256,255,"ArathiGra02.mdx",
257,256,"ArathiGra03.mdx",
258,257,"ArathiGra04.mdx",
259,258,"ArathiGra05.mdx",
260,259,"ArathiPla01.mdx",
261,260,"ArathiPla02.mdx",
262,261,"ArathiPla03.mdx",
263,262,"ArathiRoc01.mdx",
264,263,"ArathiRoc02.mdx",
265,264,"ArathiScr01.mdx",
266,265,"BarGra03.mdx",
267,266,"BarGra04.mdx",
268,267,"BarGra05.mdx",
269,268,"BarGra06.mdx",
270,269,"BarGra07.mdx",
271,270,"BarBus01.mdx",
272,271,"BarBus02.mdx",
273,272,"BlaRoc05.mdx",
274,273,"BarRoc05.mdx",
275,274,"BarRoc02.mdx",
276,275,"BarRoc01.mdx",
277,276,"EplBon01.mdx",
278,277,"EplBon02.mdx",
279,278,"EplBon03.mdx",
280,279,"EplBon04.mdx",
281,280,"EplBon05.mdx",
282,281,"EplBon06.mdx",
283,282,"EplBus01.mdx",
284,283,"EplBus02.mdx",
285,284,"EplBus03.mdx",
286,285,"EplBus04.mdx",
287,286,"EplBus05.mdx",
288,287,"EplBus06.mdx",
289,288,"EplBus07.mdx",
290,289,"EplGra01.mdx",
291,290,"EplGra02.mdx",
292,291,"EplGra03.mdx",
293,292,"EplMus01.mdx",
294,293,"EplMus02.mdx",
295,294,"DurRoc04.mdx",
296,295,"DurRoc03.mdx",
297,296,"DurRoc02.mdx",
298,297,"DurRoc01.mdx",
299,298,"BarGra08.mdx",
300,299,"TifBus01.mdx",
301,300,"TifBus02.mdx",
302,301,"TifCon01.mdx",
303,302,"TifCon02.mdx",
304,303,"TifGra01.mdx",
305,304,"TifPla01.mdx",
306,305,"TifRoc01.mdx",
307,306,"TifRoc02.mdx",
308,307,"Tifsap01.mdx",
309,308,"TifTho01.mdx",
310,309,"TifTho02.mdx",
311,310,"TifTho04.mdx",
312,311,"TifTho03.mdx",
313,312,"TifShl01.mdx",
314,313,"TifShl02.mdx",
315,314,"TifShl03.mdx",
316,315,"FelGra04.mdx",
317,316,"FelGra03.mdx",
318,317,"FelGra02.mdx",
319,318,"FelGra01.mdx",
320,319,"FelFlo02.mdx",
321,320,"FelFlo01.mdx",
322,321,"FelBus04.mdx",
323,322,"FelBus03.mdx",
324,323,"FelBus02.mdx",
325,324,"FelBus01.mdx",
326,325,"MulBus04.mdx",
327,326,"MulRoc01.mdx",
328,327,"MulRoc02.mdx",
329,328,"DurIro02.mdx",
330,329,"DurIro01.mdx",
331,330,"DurIgr04.mdx",
332,331,"DurIgr03.mdx",
333,332,"DurIgr02.mdx",
334,333,"DurIgr01.mdx",
335,334,"DurIFl05.mdx",
336,335,"DurIFl04.mdx",
337,336,"DurIFl03.mdx",
338,337,"DurIFl02.mdx",
339,338,"DurIFl01.mdx",
340,339,"DurIbu03.mdx",
341,340,"DurIbu02.mdx",
342,341,"DurIbu01.mdx",
343,342,"SivBus01.mdx",
344,343,"SivBus02.mdx",
345,344,"SivFlo03.mdx",
346,345,"SivFlo02.mdx",
347,346,"SivFlo01.mdx",
348,347,"SivSap01.mdx",
349,348,"SivVin01.mdx",
350,349,"DslRoc02.mdx",
351,350,"DslRoc01.mdx",
352,351,"ArhWet02.mdx",
353,352,"ArhWet01.mdx",
354,353,"ArhRoc02.mdx",
355,354,"ArhRoc01.mdx",
356,355,"ArhGra03.mdx",
357,356,"ArhGra02.mdx",
358,357,"ArhGra01.mdx",
359,358,"ArhFlo05.mdx",
360,359,"ArhFlo04.mdx",
361,360,"ArhFlo03.mdx",
362,361,"ArhFlo02.mdx",
363,362,"ArhFlo01.mdx",
364,363,"ArhBus02.mdx",
365,364,"ArhBus01.mdx",
366,365,"ArhBus01.mdx",
367,366,"DslBon05.mdx",
368,367,"DslBon06.mdx",
369,368,"DslBon01.mdx",
370,369,"AzhBus01.mdx",
371,370,"AzhBus02.mdx",
372,371,"AzhBus03.mdx",
373,372,"AzhBus04.mdx",
374,373,"AzhBus05.mdx",
375,374,"AzhBus06.mdx",
376,375,"AzhBus07.mdx",
377,376,"AzhBus08.mdx",
378,377,"AzhGra01.mdx",
379,378,"AzhGra02.mdx",
390,379,"UnwCor01.mdx",
391,380,"UnwCor02.mdx",
392,381,"UnwCor03.mdx",
393,382,"UnwCor04.mdx",
410,383,"Azhshel01.mdx",
411,384,"Azhshel02.mdx",
412,385,"Azhshel03.mdx",
430,386,"UnwCor05.mdx",
431,387,"UnwCor06.mdx",
432,388,"UnwCor07.mdx",
433,389,"UnwCor08.mdx",
434,390,"UnwCor09.mdx",
435,391,"UnwGra01.mdx",
436,392,"UnwGra02.mdx",
437,393,"UnwGra03.mdx",
438,394,"LchGra03.mdx",
439,395,"LchGra02.mdx",
450,396,"LakGra07.mdx",
451,397,"LakGra06.mdx",
452,398,"LakGra04.mdx",
453,399,"LakGra06.mdx",
454,400,"LakGra05.mdx",
455,401,"LakGra04.mdx",
456,402,"LakGra03.mdx",
457,403,"LakGra02.mdx",
458,404,"LakGra01.mdx",
470,405,"SivCon02.mdx",
471,406,"SivCon01.mdx",
490,407,"HyjBus05.mdx",
491,408,"HyjBus04.mdx",
492,409,"HyjBus03.mdx",
493,410,"HyjBus02.mdx",
494,411,"HyjBus01.mdx",
510,412,"StmBra01.mdx",
511,413,"StmBra02.mdx",
512,414,"StmBra03.mdx",
513,415,"StmBra04.mdx",
514,416,"StmGra01.mdx",
515,417,"StmGra02.mdx",
516,418,"StmGra03.mdx",
517,419,"StmGra04.mdx",
518,420,"StmGra05.mdx",
519,421,"HyjGra03.mdx",
520,422,"HyjGra02.mdx",
521,423,"HyjGra01.mdx",
530,424,"EmdGra06.mdx",
531,425,"EmdGra05.mdx",
532,426,"EmdGra04.mdx",
533,427,"EmdGra04.mdx",
534,428,"EmdGra03.mdx",
535,429,"EmdGra02.mdx",
536,430,"EmdGra01.mdx",
537,431,"EmdFlo02.mdx",
538,432,"EmdFlo01.mdx",
550,433,"EmdCre01.mdx",
551,434,"EmdCre02.mdx",
552,435,"EmdCre03.mdx",
553,436,"EmdCre04.mdx",
554,437,"EmdCre05.mdx",
555,438,"EmdCre06.mdx",
570,439,"PlagueLandsSpo01.mdx",
571,440,"PlagueLandsMus02.mdx",
572,441,"PlagueLandsFun02.mdx",
573,442,"PlagueLandsFun01.mdx",
